{"cameraMode":{"drawMode":0,"name":"Shaded","section":"Shading Mode"},"sceneLighting":true,"audioPlay":false,"sceneViewState":{"m_AlwaysRefresh":false,"showFog":true,"showSkybox":true,"showFlares":true,"showImageEffects":true,"showParticleSystems":true,"showVisualEffectGraphs":true,"m_FxEnabled":true},"in2DMode":false,"pivot":{"x":283.4416809082031,"y":34.87284851074219,"z":-53.034942626953128},"rotation":{"x":-0.037280745804309848,"y":-0.9626553654670715,"z":0.1829514503479004,"w":-0.19617199897766114},"size":190.29246520996095,"orthographic":false}