{"cameraMode":{"drawMode":0,"name":"Shaded","section":"Shading Mode"},"sceneLighting":true,"audioPlay":false,"sceneViewState":{"m_AlwaysRefresh":false,"showFog":true,"showSkybox":true,"showFlares":true,"showImageEffects":true,"showParticleSystems":true,"showVisualEffectGraphs":true,"m_FxEnabled":true},"in2DMode":false,"pivot":{"x":-31.095842361450197,"y":-316.5925598144531,"z":-388.4798278808594},"rotation":{"x":0.006399929989129305,"y":-0.9691271781921387,"z":0.24519957602024079,"w":0.025306347757577897},"size":359.2383117675781,"orthographic":false}